#,Tieu de
1,Build Institutional Grade Prediction Markets on Arc | Arc Blueprints
2,How Arc Supports the Agentic Economy | Arc Blueprints
3,How Arc Supports Lending and Borrowing | Arc Blueprints
4,Introducing the ARC Whitepaper: Exploring Arc's Native Coordination Asset
5,Agentic Economy on Arc
6,Unified Balance Kit: One Integration for Unified USDC Flows
7,"How HIFI Offers Global Payouts with USDC, CPN, and CCTP"
8,App Kits: A Suite of SDKs to Build Onchain
9,Open Sourcing Arc: Run Your Own Arc Node and Bug Bounty Program
10,Running an Agentic Economic Flow on Arc with ERC-8183
11,How Arc Supports Treasury Management | Arc Blueprints
12,Arc's Quantum-Resistant Design and Roadmap: Why It Matters
13,Preparing Blockchains for Q-Day
14,Introducing Arc House and the Architects Program
15,USDC on Arc: A Capital-Efficient Path for Banks
16,Arc is proud to join the Mastercard Crypto Partner Program
17,How Arc Supports Cross-Border Payments | Arc Blueprints
18,Building the Internet Financial System: Circle's Product Vision for 2026
19,Technical Insights on Arc Testnet Reliability
20,Tokenizing Real-World Assets with Circle Contracts
21,Beyond Stablecoins: The Rise of the Internet Financial System
22,DoraHacks Start-up Ideas 2026: Pt.1 Digital Finance in the Circle/Arc ecosystem
23,Introducing the Arc Builders Fund
24,How to Build Real-Time Stablecoin FX in Your App with StableFX
25,Circle Launches Arc Public Testnet
