#,Loại hoạt động,Ngày,Tiêu đề
1,Watch a Video,"Jun 1st, 2026",ArcShop with HJ: Building Chain Agnostic Apps with Circle Gateway and Circle Wallets
2,Daily Active,"May 31st, 2026",
3,Watch a Video,"May 31st, 2026","The Arc developer experience: Hear from early builders at Sequence, Dynamic, and BuFi"
4,Watch a Video,"May 31st, 2026","App Kits Developer Office Hours: Bridge, Swap, Send, and Monetization"
5,Daily Active,"May 30th, 2026",
6,Watch a Video,"May 31st, 2026",Arc Day 1 Builder Series: Kosh
7,Watch a Video,"May 31st, 2026",Arc Studio: Buenos Aires
8,Read Content,"May 30th, 2026","The Next Internet Economy, Built on Arc with USDC"
9,Read Content,"May 30th, 2026","Welcome to the Arc Hub, A Community Introduction"
10,Read Content,"May 30th, 2026",Arc 🤝 Turnkey: Wallet and signing infrastructure for builders on Arc
11,Read Content,"May 30th, 2026","Stablecorp brings QCAD to Arc, expanding StableFX into Canadian dollars"
12,Watch a Video,"May 30th, 2026",Arc Builders Fund Spotlight: Hibachi
13,Watch a Video,"May 30th, 2026",Day One: Blockradar
14,Daily Active,"May 29th, 2026",
15,Watch a Video,"May 30th, 2026",CCTP vs. Gateway: What's the Difference and When to Use Each
16,Watch a Video,"May 30th, 2026",Circle Ventures Spotlight: Trad.FI
17,Read Content,"May 29th, 2026",Goldsky 🤝 Arc Builders Fund: real-time data infrastructure for onchain finance
18,Read Content,"May 29th, 2026",Ship Stablecoin Apps Faster with App Kits
19,Read Content,"May 29th, 2026","Arc Opens Its Code, Its Nodes, and a Formal Path to Break It Before Mainnet"
20,Read Content,"May 29th, 2026","Tradable joins the Arc Builders Fund: institutional private credit, onchain"
21,Read Content,"May 29th, 2026",Across is live on Arc Testnet: day-one crosschain transfers for builders
22,Daily Active,"May 28th, 2026",
23,Watch a Video,"May 29th, 2026",Event Replay: Arcshop- Introducing Bridge Kit
24,Watch a Video,"May 29th, 2026",How Is USDC Interoperable? (Explained with Real-World Example)
25,Watch a Video,"May 28th, 2026",How to Use USDC in Real-World Payments Application (Part 2)
26,Watch a Video,"May 28th, 2026",How to Use USDC in Real-World Payments Application (Part 1)
27,Daily Active,"May 27th, 2026",
28,Watch a Video,"May 28th, 2026",Arc Day One Spotlight: Simplifying Stablecoin Transactions with Blockradar
29,Watch a Video,"May 28th, 2026",Arc Day One Spotlight: Fast and Predictable Onchain Agentic Commerce with Crossmint
30,Read Content,"May 27th, 2026",TRM Labs joins Arc: blockchain intelligence + monitoring for enterprise-grade apps
31,Read Content,"May 27th, 2026",Arc x Elliptic: Blockchain analytics and monitoring for compliance-first Arc apps
32,Watch a Video,"May 27th, 2026",Roundtable: Arc's Core Design Features
33,Watch a Video,"May 27th, 2026",Roundtable: The Arc Experience
34,Read Content,"May 27th, 2026",Arc x Alchemy: Alchemy Integrates with Arc
35,Daily Active,"May 26th, 2026",
36,Watch a Video,"May 27th, 2026",Discover the Vision: Hear from Arc's Founding Team
37,Read Content,"May 27th, 2026",Arc's Deterministic Finality
38,Read Content,"May 27th, 2026",Arc 🤝 Dynamic: Better onboarding for apps built on Arc
39,Watch a Video,"May 26th, 2026",AI Agents on Arc with USDC
40,Read Content,"May 26th, 2026",How Gas Works on Arc
41,Read Content,"May 26th, 2026",Deterministic Finality on Arc
42,Read Content,"May 26th, 2026",Introducing Arc: The Economic OS for the internet
43,Watch a Video,"May 26th, 2026",Event Replay: Trustless USDC Agents on Arc
44,Watch a Video,"May 26th, 2026",Arc Enterprise & DeFi Hackathon Spotlight: Crumb - Gasless USDC Nanopayments and settlement on Arc
45,Daily Active,"May 25th, 2026",
46,Read Content,"May 25th, 2026",How Arc Supports the Agentic Economy | Arc Blueprints
47,Read Content,"May 25th, 2026",New Group: Introducing Agentic Economy in Arc House
48,Watch a Video,"May 25th, 2026",Building the Agentic Economy on Arc: VibeCard
49,Watch a Video,"May 25th, 2026",Day One: Crossmint
50,Watch a Video,"May 25th, 2026",Arc Enterprise & DeFi Hackathon Spotlight: Blink Nanopayment Insurance
51,Daily Active,"May 24th, 2026",
52,Watch a Video,"May 24th, 2026",Arc Day One Builder Series: Peer
53,Daily Active,"May 23rd, 2026",
54,Read Content,"May 24th, 2026",Arc's Quantum-Resistant Design and Roadmap: Why It Matters
55,Read Content,"May 24th, 2026",How Arc Supports Treasury Management | Arc Blueprints
56,Read Content,"May 23rd, 2026",Circle Launches Arc Public Testnet
57,Read Content,"May 23rd, 2026",DoraHacks Start-up Ideas 2026: Pt.1 Digital Finance in the Circle/Arc ecosystem
58,Read Content,"May 23rd, 2026",Quickstart Spotlight: Bridge USDC to Arc with CCTP + Bridge Kit
59,Watch a Video,"May 23rd, 2026",ArcShop with Elton: Unified Balance Kit for Crosschain USDC Flows
60,Watch a Video,"May 23rd, 2026",Introducing CCTP Fast Transfer and How it Works
61,Watch a Video,"May 23rd, 2026",Demo: Moving USDC from Optimism to Ethereum with CCTP (Step-by-Step)
62,Daily Active,"May 22nd, 2026",
63,Watch a Video,"May 22nd, 2026",Using Circle Wallets to Send and Manage USDC
64,Watch a Video,"May 22nd, 2026",Using Circle Developer Controlled Wallets to Send and Manage USDC
65,Read Content,"May 22nd, 2026",Building an Autonomous Wallet Agent
66,Read Content,"May 22nd, 2026","Guest Post: The New Era of Agentic Commerce, Highlights from the Arc Hackathon"
67,Watch a Video,"May 22nd, 2026","AI Agents, USDC, and the Programmable Economy | thirdweb (Furqan Rydhan) | Builder Series]"
68,Read Content,"May 22nd, 2026",Introducing Circle Skills: AI Tooling to Help Developers Integrate Faster
69,Read Content,"May 22nd, 2026",Circle Agent Stack - Builder Feedback Survey
70,Daily Active,"May 21st, 2026",
71,Watch a Video,"May 22nd, 2026",Emerging AI Trends with USDC
72,Watch a Video,"May 21st, 2026",Event Replay: Technical Insights on Arc Testnet Reliability
73,Watch a Video,"May 21st, 2026",Event Replay: Day One Architect: Para
74,Watch a Video,"May 21st, 2026",Event Replay: Arc Community Spotlight: Social Payments with USDC Powered by XyloNet & PayX
75,Daily Active,"May 20th, 2026",
76,Watch a Video,"May 21st, 2026","Morpho x Arc featuring Merlin Egalite, Co-Founder of Morpho"
77,Read Content,"May 21st, 2026",Architects: Terms & Conditions
78,Read Content,"May 21st, 2026",Architects: Tiers & Benefits
79,Read Content,"May 21st, 2026",Arc Engagement Amplification Guide
80,Watch a Video,"May 20th, 2026",How USDC Works Onchain
81,Watch a Video,"May 20th, 2026",How Circle Paymaster Works
82,Watch a Video,"May 20th, 2026",Introducing Circle Paymaster - Pay Gas Fees with USDC
83,Read Content,"May 20th, 2026",We Made Circle Docs AI-Native
84,Read Content,"May 20th, 2026",What Nanopayments powered by Circle Gateway changes for Arc builders
85,Daily Active,"May 19th, 2026",
86,Watch a Video,"May 20th, 2026",Event Replay: Introducing Arc House and Architects
87,Read Content,"May 20th, 2026",Architects: Roles
88,Daily Active,"May 19th, 2026",
89,Watch a Video,"May 19th, 2026",Event Replay: Building an Agentic Economy on Arc with RSoft Agentic Bank
90,Watch a Video,"May 19th, 2026",Running an Agentic Economic Flow on Arc with ERC-8183
91,Watch a Video,"May 19th, 2026",Circle Agent Stack Quickstart - financial infrastructure for the agentic economy.
92,Watch a Video,"May 19th, 2026",Circle Developer Grants: From idea to funded
93,Read Content,"May 19th, 2026",Circle Developer Grants Program Relaunches
94,Read Content,"May 19th, 2026",How Arc Supports Lending and Borrowing | Arc Blueprints
95,Read Content,"May 19th, 2026",Build Institutional Grade Prediction Markets on Arc | Arc Blueprints
96,Read Content,"May 19th, 2026",Arc 🤝 LI.FI: Crosschain routing and liquidity access for Arc builders
97,Read Content,"May 19th, 2026",Introducing the ARC Whitepaper: Exploring Arc's Native Coordination Asset
